{
  "version": 1,
  "author": "026 Rishika K",
  "editor": "wokwi",
  "parts": [
    { "type": "wokwi-breadboard-half", "id": "bb1", "top": -127.8, "left": -525.2, "attrs": {} },
    {
      "type": "board-esp32-s3-devkitc-1",
      "id": "esp",
      "top": -153.78,
      "left": -197.03,
      "attrs": {}
    },
    { "type": "wokwi-hc-sr04", "id": "ultrasonic1", "top": -152.1, "left": -570.5, "attrs": {} },
    { "type": "wokwi-hc-sr04", "id": "ultrasonic2", "top": -152.1, "left": -397.7, "attrs": {} },
    {
      "type": "wokwi-led",
      "id": "led1",
      "top": -32.4,
      "left": -437.8,
      "attrs": { "color": "red" }
    },
    {
      "type": "wokwi-buzzer",
      "id": "bz1",
      "top": -74.4,
      "left": -401.4,
      "attrs": { "volume": "0.1" }
    }
  ],
  "connections": [
    [ "esp:TX", "$serialMonitor:RX", "", [] ],
    [ "esp:RX", "$serialMonitor:TX", "", [] ],
    [ "ultrasonic1:VCC", "bb1:1t.c", "", [ "$bb" ] ],
    [ "ultrasonic1:TRIG", "bb1:2t.c", "", [ "$bb" ] ],
    [ "ultrasonic1:ECHO", "bb1:3t.c", "", [ "$bb" ] ],
    [ "ultrasonic1:GND", "bb1:4t.c", "", [ "$bb" ] ],
    [ "ultrasonic2:VCC", "bb1:19t.c", "", [ "$bb" ] ],
    [ "ultrasonic2:TRIG", "bb1:20t.c", "", [ "$bb" ] ],
    [ "ultrasonic2:ECHO", "bb1:21t.c", "", [ "$bb" ] ],
    [ "ultrasonic2:GND", "bb1:22t.c", "", [ "$bb" ] ],
    [ "bz1:1", "bb1:14b.h", "", [ "$bb" ] ],
    [ "bz1:2", "bb1:15b.h", "", [ "$bb" ] ],
    [ "led1:A", "bb1:10b.h", "", [ "$bb" ] ],
    [ "led1:C", "bb1:9b.h", "", [ "$bb" ] ],
    [ "led1:C", "bb1:bn.7", "green", [ "v0" ] ],
    [ "bz1:1", "bb1:bn.11", "green", [ "v0" ] ],
    [ "ultrasonic2:GND", "bb1:bn.18", "black", [ "v0" ] ],
    [ "ultrasonic1:GND", "bb1:bn.3", "black", [ "v0" ] ],
    [ "ultrasonic2:VCC", "bb1:bp.16", "red", [ "v0" ] ],
    [ "ultrasonic1:ECHO", "esp:14", "green", [ "v167.54", "h0.25" ] ],
    [ "ultrasonic1:TRIG", "esp:15", "green", [ "v144.21", "h280.25", "v-142.67" ] ],
    [ "ultrasonic2:ECHO", "esp:16", "green", [ "v35.54", "h103.45", "v-24" ] ],
    [ "ultrasonic2:TRIG", "esp:17", "green", [ "v40.88", "h114.12", "v0.67" ] ],
    [ "led1:A", "esp:5", "green", [ "v0" ] ],
    [ "bz1:2", "esp:18", "green", [ "v32.55", "h164.12", "v0.67" ] ],
    [ "esp:GND.1", "bb1:bn.23", "black", [ "h0" ] ],
    [ "esp:5V", "bb1:bp.25", "red", [ "h0" ] ],
    [ "ultrasonic1:VCC", "bb1:bp.5", "red", [ "v0" ] ]
  ],
  "dependencies": {}
}